ID,GENDER,MARRITIAL STATUS,AGE,COMPANION,EMPLOYMENT,TWO_FOUR_WHEELER,CINEMA_LIKES,MONEY
1,1,1,23,0,5,0,1,690827
2,1,0,25,1,3,1,1,666946
3,2,0,24,1,5,1,2,872033
4,1,1,25,1,5,1,2,675677
5,2,1,22,0,3,1,2,699206
6,1,1,21,0,1,1,3,100000
7,2,1,23,1,4,1,1,983983
8,1,1,21,0,3,1,3,577479
9,2,1,21,0,4,1,1,902375
10,1,1,20,0,3,0,1,528026
11,2,0,23,0,2,1,2,778292
12,1,0,22,0,3,0,1,620502
13,2,0,23,0,5,1,2,536446
14,2,0,20,0,2,1,3,708796
15,2,0,24,1,5,1,3,648689
16,1,0,20,0,5,1,2,874464
17,2,1,22,1,2,0,3,150000
18,2,0,21,1,4,1,2,543441
19,2,0,24,0,4,0,3,833400
20,2,0,24,1,3,1,3,543969
21,1,1,24,0,3,1,1,555404
22,2,1,21,1,4,0,2,504974
23,2,1,21,0,3,0,1,702649
24,1,1,23,0,3,0,1,522836
25,1,0,21,1,4,0,2,671600
26,1,0,23,1,2,1,3,125000
27,1,1,21,1,1,0,2,564013
28,1,1,24,1,5,1,1,607436
29,1,0,24,1,4,1,3,872721
30,2,1,25,0,3,0,1,691441
31,2,0,21,1,3,1,3,855798
32,1,0,22,1,5,1,2,836613
33,1,0,25,0,4,0,3,657759
34,1,1,23,1,4,1,1,609441
35,2,1,20,0,4,1,1,789359
36,2,0,22,1,3,1,3,900956
37,1,0,23,1,4,1,2,655789
38,1,1,20,1,2,0,3,809815
39,2,1,55,0,2,0,1,802408
40,1,1,22,1,5,0,3,696697
41,1,1,24,0,4,1,1,513841
42,1,1,24,1,2,1,3,936315
43,1,1,22,1,5,0,1,595540
44,2,1,22,0,5,1,3,717184
45,2,0,24,0,1,1,3,909194
46,1,0,25,1,3,1,2,531970
47,1,0,21,1,3,0,1,986013
48,2,1,23,1,1,0,3,837147
49,2,0,21,0,2,1,3,639125
50,1,1,22,0,3,0,3,123000
51,2,1,23,1,3,1,2,986906
52,1,1,25,1,3,0,1,609723
53,1,0,23,0,2,1,3,863376
54,1,1,20,0,3,0,2,649222
55,2,0,23,0,5,1,2,955520
56,1,1,21,0,4,1,2,909181
57,2,1,20,0,3,0,3,536977
58,2,1,21,0,3,0,1,732527
59,2,0,21,0,3,1,1,576226
60,2,0,20,1,4,1,1,825435
61,2,0,23,0,1,1,2,611900
62,2,1,21,0,3,1,1,705599
63,2,1,23,1,3,0,2,508890
64,1,1,25,1,2,1,2,579222
65,2,1,20,0,2,1,2,604955
66,2,1,21,1,2,1,2,514313
67,1,1,23,1,4,1,3,912896
68,1,0,21,1,2,1,1,310000
69,2,0,23,1,1,0,2,652183
70,2,0,21,0,4,1,2,936879
71,1,1,25,1,1,0,2,635938
72,1,0,22,1,2,1,2,581622
73,2,0,87,1,3,1,2,628391
74,1,0,24,0,2,0,1,872779
75,2,1,25,0,1,1,2,818303
76,1,0,21,1,2,1,3,924813
77,1,1,21,1,1,0,2,822164
78,1,1,24,0,5,1,3,613587
79,1,0,20,0,4,1,2,731235
80,1,0,25,0,1,1,1,515318
81,1,0,23,0,5,1,2,515481
82,1,0,25,1,1,1,1,746106
83,2,0,23,0,5,0,1,611193
84,2,0,22,1,4,0,1,892179
85,2,0,21,0,2,0,3,906987
86,1,0,20,0,4,1,3,532520
87,1,1,20,0,5,0,1,696138
88,2,1,20,1,1,1,2,889286
89,2,1,20,0,3,0,1,932689
90,2,0,24,0,2,0,2,571388
91,2,0,23,0,4,0,1,957120
92,2,0,22,0,2,1,2,200000
93,2,1,22,0,1,1,2,704581
94,1,1,23,0,4,1,1,566960
95,2,1,24,1,1,0,1,534551
96,2,0,22,1,1,0,3,875551
97,2,0,20,1,1,1,1,977579
98,2,0,20,1,3,1,3,661280
99,2,0,22,0,1,0,2,575763
100,1,0,22,0,2,0,3,815228
101,2,0,24,1,2,0,3,877755
102,1,1,22,0,2,0,3,964259
103,1,0,21,0,2,0,2,902198
104,1,1,25,1,5,1,2,837673
105,2,0,25,1,1,1,3,802735
106,1,0,22,0,1,1,3,925134
107,1,1,21,0,2,1,1,866108
108,2,1,21,0,2,1,1,776312
109,1,1,20,1,4,0,3,537963
110,2,1,25,1,2,0,3,687602
111,2,1,24,0,5,0,3,775445
112,2,0,23,0,5,0,1,954610
113,2,0,21,0,2,0,2,633853
114,2,0,25,0,5,1,3,965438
115,2,1,46,1,2,0,3,893321
116,2,1,23,1,3,0,1,155000
117,1,1,23,0,5,1,2,820967
118,2,0,22,1,3,0,3,961273
119,2,0,25,0,4,0,1,785188
120,1,0,22,1,3,1,2,599147
121,1,1,22,1,4,0,1,932346
122,1,1,20,1,4,0,3,747764
123,2,0,25,1,4,1,1,745969
124,2,0,24,1,4,0,3,639071
125,2,0,22,1,1,1,2,710380
126,2,0,20,1,5,1,3,789566
127,1,1,24,1,4,0,1,620736
128,1,0,20,1,3,1,3,899658
129,1,1,21,0,3,0,1,618742
130,2,0,25,0,1,0,3,536245
131,1,0,23,0,5,1,2,650839
132,2,1,25,0,3,1,2,861002
133,1,1,21,0,4,1,2,616105
134,1,1,25,1,5,0,3,697276
135,2,1,20,0,3,0,1,548919
136,2,1,20,0,2,1,2,686789
137,2,0,20,0,4,1,1,851408
138,2,1,24,1,2,0,1,713974
139,1,0,90,0,1,0,1,988555
140,1,0,24,0,3,1,1,551317
141,2,1,25,1,4,1,2,829724
142,1,0,23,1,4,0,3,755923
143,1,1,20,0,3,0,2,942241
144,1,0,23,1,2,1,3,817769
145,1,0,20,1,4,0,3,941785
146,1,1,22,0,3,1,2,996277
147,1,0,22,0,3,1,1,651499
148,2,0,23,1,1,1,1,860680
149,2,1,23,1,2,1,1,809064
150,1,0,21,1,2,1,2,546332
151,1,1,20,1,4,0,2,659394
152,1,1,25,1,5,1,1,680111
153,2,1,23,1,1,0,1,538916
154,1,0,20,0,5,1,2,685378
155,1,1,20,0,2,1,1,706153
156,1,1,22,1,1,1,2,585244
157,1,1,20,1,1,0,2,911205
158,1,1,23,0,5,1,2,597636
159,1,0,25,0,4,1,3,793651
160,2,0,20,0,2,0,2,828119
161,2,0,23,0,5,1,2,935734
162,1,1,23,1,2,1,1,687949
163,1,1,20,0,4,0,2,865409
164,2,1,20,0,1,1,2,768643
165,2,1,20,1,5,0,2,941182
166,2,0,51,0,1,1,2,799244
167,1,0,22,0,4,1,1,956941
168,2,0,21,1,3,1,3,757086
169,2,0,25,1,2,0,2,888038
170,2,1,24,0,4,1,2,744804
171,1,0,20,1,1,0,2,613827
172,2,1,20,1,4,0,3,621195
173,1,0,24,1,4,1,3,525806
174,2,1,21,1,4,0,3,511171
175,1,1,21,1,3,0,1,841799
176,1,1,25,0,5,0,2,684225
177,1,0,20,1,4,1,2,672478
178,1,1,22,0,1,1,3,939571
179,2,0,24,0,3,0,1,898639
180,1,0,24,0,5,0,3,951921
181,2,1,24,1,5,1,1,566834
182,1,1,23,0,1,0,1,829462
183,2,0,25,1,5,1,3,785213
184,2,0,20,1,2,0,3,620033
185,2,0,24,1,3,1,2,533886
186,2,1,24,0,1,0,1,606472
187,1,1,23,0,1,1,3,575955
188,1,1,22,1,2,0,3,682311
189,1,0,24,1,4,1,1,785683
190,2,1,23,1,1,0,1,836824
191,1,1,24,1,3,1,1,751750
192,1,1,21,0,4,1,2,557135
193,2,1,24,1,3,0,2,839225
194,1,0,23,0,5,0,3,685909
195,2,0,22,0,3,1,1,701413
196,1,1,24,1,2,0,1,861580
197,2,1,23,1,2,0,1,952525
198,2,1,24,0,5,1,1,678253
199,1,1,25,1,2,0,2,602609
200,2,0,23,1,1,1,3,975951
201,1,0,20,1,3,0,2,746926
202,1,1,21,1,2,0,1,623975
203,2,0,22,0,1,1,3,896449
204,2,0,24,1,2,0,1,667305
205,2,1,22,0,2,0,3,894620
206,2,0,24,0,5,0,3,684756
207,1,0,25,1,2,1,1,964034
208,2,0,21,1,3,1,1,804444
209,2,0,24,0,2,0,2,927315
210,2,1,25,0,3,1,3,869752
211,1,0,23,1,1,1,1,847098
212,2,0,25,1,5,1,3,893714
213,2,1,24,0,4,1,1,729247
214,1,0,88,1,3,1,1,781636
215,2,0,25,0,2,0,3,808919
216,1,0,21,1,1,1,1,969701
217,2,0,25,0,4,1,2,711713
218,2,0,23,1,4,1,1,620417
219,2,1,20,0,2,1,3,520836
220,1,0,23,0,4,1,2,819098
221,1,0,23,1,5,0,3,913882
222,1,0,21,1,1,1,3,620072
223,1,0,21,1,3,0,3,794682
224,2,0,20,0,1,0,3,652810
225,1,0,24,0,5,1,1,979906
226,2,1,23,1,4,0,1,725579
227,1,0,25,1,2,1,1,841345
228,1,0,24,1,2,0,2,913621
229,1,1,23,0,4,1,1,865519
230,1,0,22,0,2,1,1,971104
231,2,1,23,0,5,0,1,744061
232,1,1,20,1,3,1,3,836925
233,1,1,24,0,5,0,2,550469
234,1,1,20,1,5,1,2,748445
235,1,1,25,0,5,1,1,606310
236,2,0,21,0,5,0,3,905328
237,1,1,23,0,5,0,2,798322
238,2,0,20,1,4,1,1,904255
239,2,0,20,0,1,0,2,885066
240,2,0,22,0,2,1,3,567628
241,2,0,21,1,4,1,1,956344
242,2,0,21,0,4,0,3,608180
243,1,1,22,0,3,0,2,783824
244,2,0,25,1,2,0,2,813024
245,1,0,20,1,5,0,2,981205
246,1,0,24,0,3,0,2,841559
247,2,1,22,1,4,1,1,723176
248,1,1,22,1,3,0,2,965765
249,1,0,20,1,2,0,1,913205
250,1,1,23,1,4,1,1,742170
251,2,1,21,1,2,1,1,655089
252,2,0,21,0,5,1,1,626126
253,2,1,25,0,2,1,1,657845
254,2,1,22,0,5,1,1,860241
255,1,0,20,1,5,1,2,506116
256,2,1,22,1,5,0,2,876559
257,1,1,25,1,3,0,2,819616
258,1,1,22,0,2,1,3,579671
259,2,1,20,1,2,0,1,999642
260,1,1,23,1,1,0,1,913040
261,2,0,20,0,2,1,2,550651
262,2,0,21,0,1,0,3,686918
263,2,0,24,1,4,0,2,811006
264,1,1,23,0,1,0,3,542856
265,2,1,24,0,4,1,3,650457
266,1,1,20,0,1,0,1,747251
267,1,0,24,0,2,1,1,593654
268,1,1,52,0,3,1,1,844510
269,2,0,25,0,2,1,3,920671
270,1,1,20,1,1,0,2,900047
271,1,0,20,1,1,1,1,723708
272,1,0,25,1,4,0,2,867126
273,2,0,22,0,3,0,3,513326
274,2,0,21,1,4,0,3,564085
275,1,1,24,1,3,1,2,668462
276,2,0,21,1,3,1,3,961673
277,2,0,23,1,3,0,2,947094
278,1,0,20,0,1,1,2,886497
279,1,1,23,1,4,1,1,636928
280,1,1,23,1,4,1,3,860530
281,2,0,24,0,5,0,1,688416
282,1,1,23,0,5,1,2,989245
283,2,1,23,0,2,1,2,772114
284,2,0,24,0,5,1,2,786851
285,1,1,22,1,2,1,3,552738
286,2,0,21,0,4,1,1,997855
287,1,0,20,0,4,1,3,596956
288,1,0,22,0,3,1,2,755993
289,1,0,24,1,2,0,3,875337
290,1,1,20,0,5,0,2,904078
291,2,1,21,0,2,0,1,801005
292,2,1,21,1,4,1,1,583581
293,1,1,22,1,4,0,1,813871
294,1,1,22,1,3,1,2,747665
295,2,1,21,1,1,0,1,857712
296,1,1,24,0,1,0,2,877083
297,2,0,20,1,3,0,2,601402
298,2,0,21,0,4,0,3,616092
299,2,0,22,1,4,1,1,570676
300,2,0,21,0,1,0,3,954156
301,1,0,25,0,5,1,2,802162
302,2,0,20,1,4,0,2,527868
303,1,0,20,1,4,1,2,875984
304,1,1,24,1,4,1,3,629094
305,1,0,23,0,3,0,3,926074
306,1,0,24,0,1,1,3,764821
307,2,1,23,1,5,1,1,796190
308,1,1,21,0,5,1,3,921811
309,2,1,21,1,5,0,1,713128
310,2,0,23,1,3,1,1,856797
311,2,1,20,1,1,1,3,932529
312,2,1,25,1,2,1,3,866462
313,2,1,21,0,4,0,2,695346
314,1,0,24,0,5,1,3,949405
315,2,1,21,0,5,0,1,801654
316,2,1,21,0,4,0,2,525207
317,2,1,21,1,1,1,2,728235
318,1,0,21,1,1,1,1,917511
319,2,1,24,0,2,1,3,696377
320,2,0,20,1,2,0,2,524925
321,2,1,25,0,1,1,2,524263
322,2,1,22,0,2,0,2,857342
323,1,1,21,0,5,0,1,838681
324,1,0,25,0,5,0,1,680655
325,2,0,24,0,5,1,1,839315
326,1,0,20,0,5,0,3,900355
327,2,0,22,1,2,1,3,897650
328,1,0,22,1,1,0,3,937323
329,2,1,25,1,5,0,1,715883
330,2,0,20,1,4,1,3,622071
331,1,1,21,1,1,0,1,613136
332,1,1,22,0,2,1,2,838310
333,1,0,24,0,4,0,2,596207
334,1,0,25,0,1,0,1,899390
335,1,1,20,0,1,1,3,643919
336,2,1,23,1,5,1,2,864606
337,2,1,23,0,5,0,3,547814
338,1,1,24,1,3,0,2,889202
339,1,1,20,1,1,1,3,786102
340,2,1,25,0,5,1,3,758186
341,1,1,24,1,2,0,1,920991
342,1,0,20,0,4,1,2,707283
343,2,1,23,0,3,1,1,996354
344,1,1,20,1,2,0,1,820907
345,2,1,25,0,2,1,1,682419
346,2,1,25,0,4,1,2,807485
347,2,0,21,1,1,0,2,513391
348,2,0,20,1,5,0,1,918360
349,1,1,20,1,2,0,1,647518
350,2,1,20,1,5,1,2,540853
351,1,1,21,1,1,0,2,558985
352,2,0,23,1,4,1,3,577474
353,1,0,23,1,4,0,1,546686
354,2,1,22,1,3,0,2,903788
355,2,0,21,1,3,1,3,573729
356,2,1,25,1,4,0,2,637413
357,1,0,20,0,5,1,3,531838
358,2,1,21,0,5,0,1,665829
359,2,1,22,0,3,1,2,782504
360,2,0,24,0,3,1,2,773644
361,1,0,21,0,1,1,1,964027
362,2,0,25,0,1,1,2,746765
363,1,0,25,0,3,0,1,926148
364,2,0,20,1,1,1,3,978536
365,1,1,21,1,1,1,1,535334
366,1,1,24,1,4,1,3,713652
367,1,0,20,0,3,1,3,550498
368,1,0,20,0,1,0,2,813622
369,1,1,22,0,3,1,1,566885
370,2,0,22,1,1,0,3,905306
371,2,1,20,1,5,0,1,904222
372,2,1,21,1,4,1,1,789717
373,1,1,25,0,2,1,3,713466
374,2,1,23,0,2,1,2,615605
375,2,0,20,1,4,0,2,734507
376,2,0,25,0,4,0,3,672864
377,2,1,21,1,3,1,1,710107
378,1,0,25,1,5,1,3,911521
379,2,0,25,1,4,0,2,903415
380,1,0,24,0,1,1,2,915763
381,2,1,23,1,5,0,2,881587
382,1,1,23,0,5,1,1,849908
383,2,1,23,0,1,0,3,615053
384,2,1,20,1,1,1,1,974287
385,1,0,23,0,1,1,1,916761
386,2,0,22,1,1,1,2,892058
387,2,0,23,1,2,1,3,726299
388,2,1,20,1,4,1,1,781939
389,2,0,24,1,4,1,3,791822
390,1,0,25,1,5,0,1,953592
391,2,0,20,0,1,0,1,765989
392,1,0,22,1,5,1,2,578705
393,2,0,23,1,5,1,2,616960
394,1,0,24,1,2,0,3,532004
395,1,0,23,0,1,1,1,538785
396,1,0,23,1,5,1,3,875933
397,2,0,21,1,3,0,3,877225
398,1,0,25,1,3,0,1,829266
399,1,0,20,1,2,1,3,848090
400,2,0,23,0,5,1,3,787910
401,1,0,20,0,1,0,3,702557
402,2,0,21,0,3,1,1,565345
403,2,0,20,0,3,0,1,550184
404,2,0,23,1,2,0,1,728967
405,1,1,24,1,2,1,3,628854
406,2,0,21,1,1,0,2,539469
407,1,0,21,0,1,0,1,862844
408,1,0,22,0,4,1,1,985364
409,2,1,23,1,2,1,1,550474
410,2,1,21,0,5,1,2,796967
411,2,0,25,0,5,1,3,605896
412,2,1,20,0,3,1,3,840114
413,2,0,21,0,3,1,2,925724
414,2,0,20,1,3,1,1,874849
415,1,1,20,0,4,0,3,932391
416,1,0,24,1,2,0,3,578391
417,2,1,23,1,3,1,1,725852
418,2,0,25,1,2,1,3,512020
419,1,0,24,0,5,1,2,657496
420,1,0,22,0,5,0,3,519203
421,1,0,22,0,2,1,2,702763
422,1,1,21,1,3,0,1,672502
423,2,1,22,0,3,0,3,647927
424,2,0,23,1,5,0,2,832232
425,2,0,24,0,4,1,2,826730
426,2,0,20,1,4,1,1,990488
427,2,1,21,0,5,0,2,839656
428,1,1,21,0,3,0,2,611893
429,2,1,21,1,3,1,3,702070
430,1,0,24,1,4,0,2,826675
431,1,0,21,0,3,0,1,801276
432,2,0,24,1,3,1,2,986927
433,2,1,24,0,1,0,2,875397
434,2,0,25,1,5,0,1,585293
435,1,0,22,0,2,1,1,908044
436,1,1,21,0,5,1,2,849638
437,2,0,22,1,3,0,1,633983
438,2,1,21,0,4,0,3,944927
439,1,1,20,0,1,0,3,844434
440,1,1,22,1,5,0,1,925713
441,1,1,25,1,4,0,3,891403
442,1,1,23,0,2,1,3,838313
443,2,0,25,0,4,1,1,530232
444,1,0,24,1,5,0,2,643868
445,1,1,24,0,2,1,1,531075
446,2,0,22,0,3,0,2,951227
447,1,1,23,0,5,0,1,737505
448,1,0,24,1,3,0,2,584768
449,2,1,24,0,5,0,1,711916
450,2,0,21,0,3,1,3,589820
451,1,0,20,1,2,0,1,955248
452,2,1,21,0,4,1,1,777354
453,2,1,23,0,3,0,3,959384
454,2,0,22,1,2,1,1,692330
455,2,0,20,0,3,0,3,730710
456,2,0,25,1,5,0,3,975301
457,2,1,25,0,2,0,3,919803
458,1,0,20,1,4,0,1,840677
459,2,0,22,1,2,0,1,820824
460,2,1,22,1,5,0,1,706903
461,2,1,23,1,1,1,3,804352
462,1,0,23,0,4,1,2,579650
463,1,1,24,0,2,0,3,901298
464,2,0,21,0,1,0,3,995635
465,1,0,24,1,1,0,2,748544
466,2,1,24,1,4,1,1,898241
467,1,0,23,0,2,0,1,597238
468,1,1,22,1,1,1,3,951122
469,2,0,20,0,5,0,3,739105
470,2,1,25,0,5,1,1,771574
471,1,0,25,1,4,0,2,628061
472,2,1,23,1,1,0,1,875371
473,1,0,21,1,4,0,3,735381
474,2,0,20,0,1,0,2,874957
475,1,1,20,1,3,0,1,828858
476,1,0,20,1,2,0,3,507065
477,2,1,23,0,4,0,2,957896
478,1,1,21,1,5,0,2,763049
479,1,1,21,0,3,0,2,533461
480,2,1,24,1,1,0,3,915690
481,1,0,21,0,4,0,2,722050
482,1,1,20,0,2,1,3,953044
483,1,0,21,0,5,0,3,541447
484,2,0,21,1,2,0,3,842341
485,1,0,25,1,4,0,2,160000
486,2,1,24,0,3,0,2,683522
487,1,0,24,0,4,0,3,917229
488,2,1,25,1,3,1,1,726825
489,1,1,24,0,5,0,1,867988
490,2,1,22,0,2,1,2,579060
491,1,0,21,0,4,1,3,502161
492,2,1,23,1,2,0,1,569459
493,2,1,25,0,1,1,3,656530
494,2,1,22,1,3,0,1,721506
495,1,0,25,0,4,0,1,703011
496,2,0,22,1,1,0,3,612863
497,1,1,20,0,2,0,2,725023
498,1,0,22,0,4,1,1,694428
499,1,0,21,1,1,1,2,998084
500,1,0,21,1,1,1,2,538561
501,2,0,21,0,3,1,1,727102
502,1,1,22,1,3,1,3,886069
503,2,0,24,0,1,0,1,830180
504,2,1,23,0,4,0,1,523765
505,1,0,21,1,5,0,1,681756
506,1,1,25,1,2,0,1,979511
507,1,1,21,0,1,0,2,994882
508,2,0,24,1,1,1,2,643411
509,1,1,20,1,4,0,2,759504
510,2,0,24,1,2,0,1,791078
511,2,1,21,1,2,1,3,729412
512,1,0,21,0,2,1,2,519265
513,1,1,23,0,1,0,3,764160
514,1,0,22,0,2,1,3,510981
515,1,0,24,1,5,1,2,543512
516,2,0,20,1,3,1,3,751488
517,1,0,22,0,5,1,3,706545
518,1,1,25,1,4,1,2,810931
519,1,1,25,0,5,0,1,690728
520,1,0,21,1,1,0,2,588336
521,1,0,20,1,4,1,3,746821
522,1,0,20,0,1,1,3,537244
523,2,1,22,1,5,1,3,809613
524,1,1,23,1,4,0,3,808836
525,2,1,22,0,3,1,1,528572
526,2,0,24,0,1,0,3,508603
527,1,0,21,1,5,1,2,632948
528,1,1,22,1,2,1,1,690519
529,1,1,23,0,3,0,2,535433
530,1,1,24,0,1,1,3,643621
531,2,0,21,1,2,0,1,604633
532,2,0,23,0,4,0,3,980727
533,1,0,21,0,4,0,2,595587
534,2,1,22,0,5,0,1,566487
535,2,1,21,1,2,0,1,926319
536,2,0,21,1,5,1,1,814742
537,1,0,20,1,2,0,3,924697
538,2,0,21,1,1,1,3,550862
539,2,0,25,0,2,0,3,912525
540,1,0,22,0,5,1,3,817040
541,2,0,22,1,1,1,2,955128
542,1,0,24,1,3,1,1,883274
543,1,0,23,0,4,1,1,923991
544,2,0,24,0,5,1,3,722378
545,1,0,20,0,5,0,3,862266
546,2,1,21,1,3,0,1,748281
547,1,1,25,1,4,1,2,735819
548,1,1,24,0,2,1,3,956165
549,2,0,21,1,5,0,2,909652
550,1,0,21,0,2,1,2,852553
551,2,1,21,1,2,1,1,830738
552,1,1,24,1,4,0,1,518375
553,2,1,20,1,5,0,3,792021
554,1,0,24,0,2,1,2,665308
555,1,1,21,0,2,0,3,566925
556,2,0,21,1,3,0,3,570093
557,2,0,25,1,5,0,2,857911
558,1,1,22,1,5,0,3,831963
559,2,0,24,1,3,1,3,565364
560,2,0,23,0,5,0,2,864750
561,2,1,24,0,5,1,2,690008
562,1,0,25,1,2,0,2,831717
563,2,1,23,1,3,1,1,573773
564,2,0,23,1,4,0,1,531178
565,2,0,24,0,3,0,1,625626
566,1,0,22,1,2,1,3,794573
567,2,0,21,0,3,1,2,850007
568,1,0,23,0,2,0,1,976878
569,2,1,22,1,4,0,3,670333
570,1,0,25,0,1,1,3,827517
571,2,0,23,0,3,1,2,743080
572,1,0,22,1,1,1,3,909447
573,1,1,22,0,5,1,2,879600
574,1,0,25,0,5,0,1,537593
575,2,1,22,0,5,0,2,170000
576,1,1,21,1,5,1,3,882899
577,1,1,24,0,1,1,2,897210
578,2,1,25,1,3,0,3,865957
579,1,1,23,0,4,1,1,951106
580,2,0,23,0,4,1,2,982427
581,2,1,21,0,5,0,1,624730
582,1,1,24,0,2,1,3,530778
583,2,0,24,0,3,1,2,526353
584,2,0,23,0,2,0,3,836317
585,2,1,25,0,4,1,1,858153
586,1,1,20,0,3,1,1,568672
587,1,0,22,0,3,0,2,882858
588,1,0,20,0,5,0,3,930652
589,1,1,20,1,1,0,3,804925
590,1,0,20,0,3,1,1,731725
591,1,0,25,1,2,1,2,598495
592,2,0,22,1,2,0,1,857495
593,2,0,25,0,2,0,1,894141
594,2,1,22,0,1,0,3,792382
595,1,1,24,0,2,1,3,725017
596,2,1,21,0,3,1,3,725410
597,2,0,20,1,2,0,2,691384
598,1,1,24,1,2,0,1,899540
599,2,1,20,0,2,0,2,663072
600,2,1,21,0,1,1,3,750959
601,2,1,21,0,1,1,1,863254
602,1,1,21,0,3,1,1,534455
603,2,0,20,0,4,0,2,667892
604,1,0,23,1,5,1,2,791153
605,2,0,21,0,3,1,1,679955
606,2,1,24,1,4,0,2,946378
607,1,0,20,1,1,0,3,657519
608,2,0,23,1,4,0,3,990501
609,1,1,25,1,1,0,3,635342
610,1,0,22,1,1,0,1,904517
611,1,1,23,0,2,1,1,757121
612,2,0,23,0,3,1,3,838181
613,1,1,21,1,3,1,2,663638
614,1,0,25,0,5,1,1,860577
615,1,1,24,1,1,0,2,974936
616,2,1,24,1,1,1,2,694318
617,2,1,20,1,2,0,2,552102
618,2,0,20,0,5,1,3,757958
619,1,0,23,0,1,1,3,783404
620,1,1,22,1,3,0,1,943344
621,1,1,24,1,3,0,1,904072
622,1,1,21,1,3,0,3,681246
623,2,1,23,0,4,0,3,931218
624,2,1,21,0,3,0,3,769976
625,1,1,21,0,2,1,2,594972
626,2,1,20,1,2,1,2,646290
627,2,0,25,1,5,0,1,754855
628,1,1,25,1,1,0,2,621430
629,2,0,20,0,5,1,2,673010
630,1,1,25,1,2,0,2,537197
631,2,0,25,1,5,0,2,559013
632,2,0,23,1,2,0,1,626329
633,2,0,25,0,4,0,1,643669
634,1,0,24,1,4,0,3,623126
635,1,0,21,0,3,1,2,621645
636,2,1,25,0,4,0,1,590041
637,1,0,20,0,4,1,1,707076
638,2,0,24,0,3,0,2,888171
639,2,1,21,0,4,0,3,927304
640,2,0,23,1,3,1,3,572151
641,2,1,22,0,5,1,2,195000
642,1,0,24,0,5,1,2,712651
643,1,0,24,1,5,1,1,736317
644,1,1,22,0,2,1,2,946922
645,2,0,23,0,1,0,3,531506
646,1,0,23,0,2,0,1,523722
647,1,0,24,0,2,1,3,808522
648,1,1,23,1,5,0,3,986533
649,2,0,25,0,1,0,3,519949
650,1,0,24,0,3,1,2,585729
651,2,1,22,1,1,1,1,634155
652,2,1,22,0,3,0,3,571374
653,1,0,21,1,1,0,3,634730
654,1,1,25,0,5,0,2,702327
655,2,0,24,1,3,0,2,555194
656,2,1,23,0,2,1,2,954046
657,2,0,22,0,1,0,3,871191
658,2,1,23,0,2,1,3,647109
659,1,1,23,0,2,0,1,726999
660,2,1,20,0,5,1,2,831004
661,1,1,20,0,4,1,1,677106
662,1,0,22,1,3,1,1,763649
663,2,1,20,1,3,0,1,833165
664,2,0,25,0,1,1,2,838978
665,2,1,24,0,5,1,2,609677
666,2,1,23,1,3,1,2,968033
667,2,1,22,0,2,1,1,573996
668,1,1,24,0,1,1,2,910669
669,2,1,20,1,2,1,3,865844
670,1,0,20,1,2,1,3,748895
671,2,1,20,1,4,0,3,986453
672,1,1,25,0,1,1,3,810216
673,2,0,25,1,3,0,2,644053
674,1,0,20,0,5,1,1,621198
675,2,0,20,1,4,0,3,623062
676,1,0,24,1,2,0,2,716900
677,2,0,22,1,3,0,3,781564
678,2,0,25,1,1,1,1,536085
679,1,1,21,0,3,1,2,590129
680,1,1,22,1,5,0,3,626207
681,1,0,20,1,2,0,3,838786
682,1,0,24,0,4,1,1,843412
683,1,0,22,1,3,1,3,990035
684,1,1,21,0,4,0,2,654781
685,1,0,21,0,1,1,3,593399
686,1,0,20,1,2,0,1,798718
687,2,0,20,0,5,0,2,804539
688,1,0,25,0,3,0,1,916946
689,1,0,24,1,1,0,1,837228
690,2,0,25,0,5,0,3,546946
691,2,0,22,0,5,0,3,941714
692,2,0,22,1,2,0,2,721942
693,2,1,24,0,2,1,1,537878
694,1,0,21,0,1,1,1,793810
695,2,1,22,1,1,0,2,720433
696,1,0,25,1,1,1,3,929265
697,1,1,25,0,5,1,3,613568
698,1,1,21,1,1,0,3,775498
699,1,1,24,1,2,1,1,955600
700,1,0,22,1,3,1,2,886878
701,2,0,24,1,3,1,3,651377
702,1,1,25,1,1,1,2,640450
703,1,1,23,1,3,0,3,981549
704,1,1,24,0,4,1,1,960789
705,2,1,20,0,4,1,1,957851
706,1,0,21,1,4,0,2,837030
707,1,1,24,0,3,1,1,749926
708,2,1,22,1,2,0,3,865516
709,2,0,22,0,2,1,2,940770
710,2,0,22,1,2,1,3,666875
711,2,0,24,0,5,0,3,766086
712,1,1,25,0,5,0,3,541057
713,1,0,23,1,5,0,1,931461
714,1,0,20,0,5,0,2,693724
715,1,0,20,1,4,1,2,575627
716,2,0,24,0,2,0,2,817993
717,2,0,23,0,5,0,1,739175
718,2,0,23,1,5,1,3,935508
719,2,1,22,0,4,0,2,1500000
720,1,1,20,1,4,1,2,811782
721,1,1,24,1,4,1,3,586394
722,2,1,20,1,1,1,3,724340
723,2,1,25,1,3,1,2,557608
724,2,1,21,1,2,1,1,650868
725,2,1,21,0,4,0,2,832701
726,1,0,21,1,2,1,2,559336
727,1,1,20,1,2,1,1,907691
728,2,1,25,0,1,1,3,993050
729,1,0,20,1,5,0,2,641755
730,2,1,23,0,5,1,2,909008
731,1,0,21,0,3,0,1,927995
732,1,1,22,1,1,0,3,632306
733,2,0,24,1,5,1,2,704752
734,1,0,24,1,1,0,1,647772
735,1,0,22,0,5,0,2,509018
736,2,1,22,0,2,1,1,775639
737,2,1,22,0,5,0,1,748414
738,1,0,22,1,5,1,2,760520
739,2,0,24,0,4,0,2,660625
740,1,1,20,1,2,1,1,871055
741,1,0,24,1,2,1,2,713955
742,1,0,24,1,2,1,2,669544
743,2,1,22,1,1,0,1,644571
744,2,1,21,0,2,1,3,900610
745,1,1,22,1,3,1,1,855619
746,1,0,20,0,3,1,3,568018
747,2,1,25,1,2,1,3,649295
748,2,1,21,1,5,1,3,973387
749,2,0,22,0,5,1,1,598326
750,1,0,20,1,4,0,3,517960
751,1,1,21,1,3,0,1,865005
752,1,0,25,0,3,0,3,646822
753,2,0,20,1,3,1,1,765705
754,1,1,23,1,4,0,3,749828
755,2,1,22,0,3,1,1,931958
756,1,0,24,1,1,0,3,668395
757,2,1,20,0,4,1,1,934773
758,2,0,23,1,5,1,1,670772
759,1,0,22,1,3,0,1,791640
760,1,0,23,0,4,0,1,787775
761,1,1,22,0,1,0,3,515752
762,1,0,22,0,4,0,3,504121
763,2,1,22,1,4,1,2,506028
764,1,0,21,1,5,0,3,948776
765,2,1,21,0,4,1,2,595002
766,2,1,21,1,5,1,2,537716
767,2,0,20,1,1,0,1,821932
768,2,1,24,1,3,0,2,667371
769,2,0,23,1,4,1,1,805181
770,2,1,20,1,2,1,2,501446
771,2,0,20,1,4,0,3,608866
772,1,0,23,0,3,0,3,657771
773,2,1,24,1,5,1,2,908450
774,2,1,21,0,3,1,2,925481
775,1,1,21,0,5,1,2,550001
776,2,1,25,1,2,1,2,650711
777,2,0,23,1,1,0,2,582579
778,1,1,25,0,1,0,3,929860
779,1,0,25,0,5,0,2,930402
780,2,0,21,1,1,1,2,602015
781,1,0,25,1,4,0,3,529064
782,2,1,22,1,1,0,2,1600000
783,1,0,20,0,5,1,1,723381
784,2,0,23,0,2,1,3,859520
785,1,1,20,0,5,0,2,864989
786,1,0,25,0,2,1,3,677793
787,1,1,24,1,2,0,3,636311
788,2,0,23,0,3,0,3,572901
789,2,1,21,1,1,1,2,804945
790,2,1,20,1,1,1,2,891849
791,2,0,25,0,4,1,2,744581
792,2,1,23,1,4,0,1,627202
793,2,1,21,1,4,1,1,964155
794,1,0,24,1,4,0,2,629610
795,2,1,23,0,4,1,2,749744
796,2,0,23,0,1,0,3,652555
797,2,1,25,1,5,0,2,565210
798,2,1,23,0,2,1,1,979699
799,1,0,23,1,3,1,2,933454
800,2,1,25,0,2,0,1,986852
801,2,1,23,1,3,0,1,878695
802,2,0,20,1,4,1,1,771731
803,2,0,22,0,5,0,3,786384
804,2,0,22,1,2,0,1,677655
805,1,0,20,1,2,1,2,676439
806,1,1,25,0,1,0,3,856739
807,1,1,24,0,3,1,2,612741
808,1,1,24,1,5,0,3,795891
809,2,1,20,1,3,0,1,514468
810,1,0,24,0,5,1,1,787126
811,1,0,20,0,3,0,3,850486
812,1,1,24,0,4,1,1,973481
813,1,0,21,1,1,1,2,796128
814,2,0,22,1,3,1,2,989714
815,2,0,21,1,4,1,1,822088
816,1,0,20,1,2,0,3,612115
817,1,1,23,0,1,0,2,771487
818,1,0,23,1,3,1,2,736109
819,1,0,25,1,1,1,1,926108
820,2,0,22,1,2,1,2,567592
821,1,0,21,1,1,0,3,830453
822,2,1,23,1,3,0,3,754259
823,1,1,24,0,3,1,2,652095
824,1,0,25,1,2,0,3,955286
825,1,0,24,0,3,1,2,646851
826,2,1,22,0,5,1,1,705612
827,1,0,21,0,2,1,3,728414
828,2,1,25,1,2,1,3,609563
829,2,1,23,1,5,1,2,658296
830,1,0,23,0,4,1,2,1700000
831,2,0,20,1,3,0,1,628727
832,2,1,20,1,3,1,3,797541
833,2,1,22,1,1,0,1,777168
834,2,0,23,0,2,1,1,951837
835,1,1,22,0,4,0,1,753581
836,1,1,21,1,1,0,3,874485
837,2,1,25,1,3,0,3,715134
838,2,0,21,0,4,0,3,946358
839,2,1,24,1,1,0,2,903572
840,1,0,23,1,3,1,3,597670
841,2,0,24,1,5,1,1,836151
842,2,0,20,0,4,1,2,928616
843,1,0,24,0,1,1,3,728074
844,1,0,25,0,5,1,3,609131
845,1,0,22,0,4,0,2,996605
846,2,0,21,0,1,1,1,793779
847,1,0,20,1,4,0,3,510197
848,1,0,25,0,3,1,3,953292
849,1,1,21,1,2,0,1,675422
850,2,0,20,0,5,1,1,529606
851,2,1,25,1,1,0,3,617794
852,1,0,23,0,1,0,1,887259
853,2,0,24,1,3,0,3,598149
854,2,1,21,0,2,1,3,599482
855,2,1,21,1,3,1,2,807510
856,2,0,25,1,5,1,3,557958
857,1,1,21,1,1,1,1,796475
858,2,1,20,1,,1,2,716397
859,2,1,22,0,1,1,2,720825
860,1,1,22,1,3,1,1,752083
861,1,0,24,0,1,1,1,716258
862,2,1,24,0,1,0,2,529876
863,2,1,22,0,5,0,3,666599
864,2,1,23,1,2,0,3,849474
865,1,1,24,1,2,0,2,753315
866,1,1,23,0,5,1,3,1800000
867,1,0,25,1,1,0,1,829773
868,2,1,,0,5,0,1,744021
869,2,0,22,0,2,1,3,750436
870,2,0,25,1,5,0,3,509459
871,2,0,21,1,5,1,1,980987
872,2,1,21,1,1,1,2,982713
873,2,0,21,0,2,1,3,512304
874,2,0,25,1,4,0,3,947023
875,1,1,20,0,2,1,3,997661
876,2,1,20,0,4,0,1,699747
877,2,0,25,1,2,0,2,884982
878,2,0,20,1,5,1,2,609360
879,1,0,24,0,3,0,2,824759
880,1,0,23,1,1,1,3,511748
881,1,1,21,1,3,0,3,695944
882,1,0,21,1,5,1,1,940077
883,1,0,22,1,2,0,1,666833
884,2,0,20,1,2,0,3,744915
885,1,0,21,0,5,1,2,618174
886,2,1,20,1,3,1,1,503765
887,1,1,23,0,2,1,2,661470
888,1,1,25,1,5,1,1,544416
889,2,1,20,0,4,0,1,749486
890,2,1,22,0,4,0,3,866835
891,2,1,25,1,5,1,3,890101
892,2,1,24,1,1,1,2,917043
893,1,0,22,1,1,1,2,757169
894,2,1,24,0,3,1,3,642330
895,1,0,23,1,2,1,1,706822
896,2,0,25,1,4,1,3,937506
897,1,1,22,1,1,0,3,764085
898,1,1,20,0,3,0,2,537725
899,1,1,25,1,2,1,3,797508
900,2,0,24,0,2,1,2,662546
901,2,1,21,1,3,0,2,959710
902,1,1,20,1,4,0,1,949153
903,1,0,21,1,1,1,3,550481
904,1,,22,1,3,1,1,646729
905,2,0,22,1,3,0,3,537470
906,1,1,23,0,4,1,3,562757
907,1,1,20,0,4,1,2,715557
908,2,0,22,0,2,0,1,653831
909,2,0,23,0,1,1,2,583727
910,1,0,21,0,2,1,1,568603
911,1,0,22,0,3,0,3,755981
912,2,0,24,0,3,1,2,787587
913,2,1,21,1,5,1,2,859692
914,1,0,23,1,4,1,2,768461
915,2,0,20,0,1,0,1,904645
916,2,0,21,1,3,1,1,864274
917,2,0,20,0,1,0,3,748950
918,1,1,20,1,4,1,1,913082
919,2,0,20,0,1,1,3,976810
920,1,0,21,0,3,0,1,677775
921,2,0,22,0,5,1,3,653553
922,1,1,22,1,2,0,3,829666
923,1,1,23,1,3,0,2,790670
924,1,1,23,0,4,0,1,641197
925,2,1,23,0,4,0,1,985748
926,2,1,22,1,3,1,2,861619
927,2,0,25,1,4,1,3,603089
928,2,1,22,0,2,1,1,650173
929,2,0,25,1,4,1,1,508890
930,1,1,21,0,1,0,3,819048
931,2,0,21,0,3,1,2,596088
932,1,0,25,0,4,1,2,744249
933,1,0,22,1,2,1,1,641468
934,,0,25,0,2,1,3,949494
935,1,1,22,0,1,0,2,747015
936,1,0,23,0,3,1,1,634180
937,2,0,22,1,3,0,1,528796
938,1,1,22,0,3,0,1,1850000
939,1,0,21,1,5,0,2,601470
940,2,1,21,1,5,0,2,684866
941,2,1,23,1,1,,,685306
942,2,,22,,2,0,3,607075
943,1,1,23,1,2,0,1,784668
944,1,0,22,0,1,1,2,982547
945,2,0,25,,1,1,2,732856
946,2,0,22,1,2,0,3,805273
947,2,1,24,1,3,,3,700393
948,1,1,22,0,4,0,2,937973
949,1,0,23,1,2,0,1,
950,1,1,25,0,1,1,2,930096
951,2,0,21,0,5,0,1,730727
952,2,,22,0,4,0,3,911694
953,1,0,25,1,5,,1,574129
954,2,0,22,1,2,0,1,869006
955,1,0,22,1,3,0,1,760928
956,1,1,24,0,1,,3,855729
957,1,1,21,1,2,1,3,676047
958,2,1,21,0,3,0,2,684716
959,1,0,21,1,5,0,3,891766
960,1,1,24,0,1,1,,762277
961,1,0,24,,4,1,1,769796
962,2,1,21,0,4,1,3,813467
963,2,1,,1,2,1,3,629192
964,1,1,24,1,3,1,1,896236
965,1,1,20,0,2,0,3,598882
966,2,1,21,1,1,1,2,875669
967,1,1,21,0,5,0,1,932844
968,2,0,22,1,3,0,3,927264
,2,0,23,0,2,1,3,678657
970,2,1,20,1,2,1,1,919112
971,1,0,20,1,3,0,3,768522
972,1,1,20,0,1,1,1,769687
973,2,0,23,0,3,1,3,762526
974,1,0,22,0,5,1,1,2000000
975,2,1,20,0,3,1,1,953473
976,2,0,22,1,5,0,2,636053
977,2,1,25,0,4,0,1,814816
978,2,0,20,0,1,1,3,730708
979,2,1,24,0,2,0,1,699132
980,2,1,25,0,4,1,1,538256
981,1,0,23,0,2,1,2,733649
982,1,1,23,0,1,1,2,634596
983,1,1,21,0,1,0,3,699503
984,2,0,25,1,3,0,1,811708
985,2,1,23,1,1,1,3,759638
986,2,1,20,0,2,0,3,663098
987,2,0,23,1,2,0,2,924845
988,2,1,24,1,4,1,1,899857
989,1,0,22,1,3,0,3,990767
990,1,0,22,1,5,0,2,864832
991,2,0,21,0,2,1,2,577779
992,1,1,24,0,2,1,3,930782
993,1,0,20,0,1,1,3,585803
994,2,1,25,0,5,0,2,961151
995,1,0,20,1,5,0,2,679326
996,2,1,20,0,3,0,1,710729
997,2,1,21,1,4,0,1,545846
998,1,1,21,0,2,1,3,799089
999,2,1,23,0,4,0,2,884735
1000,2,1,23,1,2,1,1,520804
62,2,1,21,0,3,1,1,705599
63,2,1,23,1,3,0,2,508890
64,1,1,25,1,2,1,2,579222
65,2,1,20,0,2,1,2,604955
66,2,1,21,1,2,1,2,514313
67,1,1,23,1,4,1,3,912896
68,1,0,21,1,2,1,1,310000
